,1,2,3,4,5,6,7,pre
0,6.9,5.1,5.0689,4.5,5.7975,4.2,4.2,4.2
1,5.1,5.0689,4.5,5.7975,4.2,4.2,4.2,6.6
2,5.0689,4.5,5.7975,4.2,4.2,4.2,6.6,6.6
3,4.5,5.7975,4.2,4.2,4.2,6.6,6.6,5.7
4,5.7975,4.2,4.2,4.2,6.6,6.6,5.7,6
5,4.2,4.2,4.2,6.6,6.6,5.7,6,6.3
6,4.2,4.2,6.6,6.6,5.7,6,6.3,8.1
7,4.2,6.6,6.6,5.7,6,6.3,8.1,6.3
8,6.6,6.6,5.7,6,6.3,8.1,6.3,8.1
9,6.6,5.7,6,6.3,8.1,6.3,8.1,9
10,5.7,6,6.3,8.1,6.3,8.1,9,7.5
11,6,6.3,8.1,6.3,8.1,9,7.5,6.6
12,6.3,8.1,6.3,8.1,9,7.5,6.6,6
13,8.1,6.3,8.1,9,7.5,6.6,6,6.9
14,6.3,8.1,9,7.5,6.6,6,6.9,6.3
15,8.1,9,7.5,6.6,6,6.9,6.3,6.614
16,9,7.5,6.6,6,6.9,6.3,6.614,7.5
17,7.5,6.6,6,6.9,6.3,6.614,7.5,3.9
18,6.6,6,6.9,6.3,6.614,7.5,3.9,5.7
19,6,6.9,6.3,6.614,7.5,3.9,5.7,6.3
20,6.9,6.3,6.614,7.5,3.9,5.7,6.3,5.7
21,6.3,6.614,7.5,3.9,5.7,6.3,5.7,5.1
22,6.614,7.5,3.9,5.7,6.3,5.7,5.1,5.4
23,7.5,3.9,5.7,6.3,5.7,5.1,5.4,3.6
24,3.9,5.7,6.3,5.7,5.1,5.4,3.6,3.9
25,5.7,6.3,5.7,5.1,5.4,3.6,3.9,1.5
26,6.3,5.7,5.1,5.4,3.6,3.9,1.5,1.2
27,5.7,5.1,5.4,3.6,3.9,1.5,1.2,3.3
28,5.1,5.4,3.6,3.9,1.5,1.2,3.3,4.5
29,5.4,3.6,3.9,1.5,1.2,3.3,4.5,3.3
30,3.6,3.9,1.5,1.2,3.3,4.5,3.3,3.3
31,3.9,1.5,1.2,3.3,4.5,3.3,3.3,6
32,1.5,1.2,3.3,4.5,3.3,3.3,6,6.6
33,1.2,3.3,4.5,3.3,3.3,6,6.6,6.3
34,3.3,4.5,3.3,3.3,6,6.6,6.3,7.2
35,4.5,3.3,3.3,6,6.6,6.3,7.2,7.2
36,3.3,3.3,6,6.6,6.3,7.2,7.2,8.1
37,3.3,6,6.6,6.3,7.2,7.2,8.1,7.2
38,6,6.6,6.3,7.2,7.2,8.1,7.2,7.8
39,6.6,6.3,7.2,7.2,8.1,7.2,7.8,6
40,6.3,7.2,7.2,8.1,7.2,7.8,6,4.8
41,7.2,7.2,8.1,7.2,7.8,6,4.8,6
42,7.2,8.1,7.2,7.8,6,4.8,6,7.5
43,8.1,7.2,7.8,6,4.8,6,7.5,7.8
44,7.2,7.8,6,4.8,6,7.5,7.8,7.5
45,7.8,6,4.8,6,7.5,7.8,7.5,7.2
46,6,4.8,6,7.5,7.8,7.5,7.2,7.2
47,4.8,6,7.5,7.8,7.5,7.2,7.2,4.5
48,6,7.5,7.8,7.5,7.2,7.2,4.5,4.5
49,7.5,7.8,7.5,7.2,7.2,4.5,4.5,4.5
50,7.8,7.5,7.2,7.2,4.5,4.5,4.5,5.7
51,7.5,7.2,7.2,4.5,4.5,4.5,5.7,3.3
52,7.2,7.2,4.5,4.5,4.5,5.7,3.3,3.3
53,7.2,4.5,4.5,4.5,5.7,3.3,3.3,5.4
54,4.5,4.5,4.5,5.7,3.3,3.3,5.4,4.2
55,4.5,4.5,5.7,3.3,3.3,5.4,4.2,4.5
56,4.5,5.7,3.3,3.3,5.4,4.2,4.5,4.5
57,5.7,3.3,3.3,5.4,4.2,4.5,4.5,6.6
58,3.3,3.3,5.4,4.2,4.5,4.5,6.6,6.6
59,3.3,5.4,4.2,4.5,4.5,6.6,6.6,6.3
60,5.4,4.2,4.5,4.5,6.6,6.6,6.3,6
61,4.2,4.5,4.5,6.6,6.6,6.3,6,4.2
62,4.5,4.5,6.6,6.6,6.3,6,4.2,4.5
63,4.5,6.6,6.6,6.3,6,4.2,4.5,3.6
64,6.6,6.6,6.3,6,4.2,4.5,3.6,5.1
65,6.6,6.3,6,4.2,4.5,3.6,5.1,6.3
66,6.3,6,4.2,4.5,3.6,5.1,6.3,5.4
67,6,4.2,4.5,3.6,5.1,6.3,5.4,3
68,4.2,4.5,3.6,5.1,6.3,5.4,3,4.2
69,4.5,3.6,5.1,6.3,5.4,3,4.2,1.8
70,3.6,5.1,6.3,5.4,3,4.2,1.8,3.6
71,5.1,6.3,5.4,3,4.2,1.8,3.6,4.8
72,6.3,5.4,3,4.2,1.8,3.6,4.8,5.7
73,5.4,3,4.2,1.8,3.6,4.8,5.7,5.1
74,3,4.2,1.8,3.6,4.8,5.7,5.1,5.1
75,4.2,1.8,3.6,4.8,5.7,5.1,5.1,3.3
76,1.8,3.6,4.8,5.7,5.1,5.1,3.3,3.3
77,3.6,4.8,5.7,5.1,5.1,3.3,3.3,4.2
78,4.8,5.7,5.1,5.1,3.3,3.3,4.2,3.9
79,5.7,5.1,5.1,3.3,3.3,4.2,3.9,2.4
80,5.1,5.1,3.3,3.3,4.2,3.9,2.4,3
81,5.1,3.3,3.3,4.2,3.9,2.4,3,3
82,3.3,3.3,4.2,3.9,2.4,3,3,2.4
83,3.3,4.2,3.9,2.4,3,3,2.4,1.8
84,4.2,3.9,2.4,3,3,2.4,1.8,1.2
85,3.9,2.4,3,3,2.4,1.8,1.2,1.5
86,2.4,3,3,2.4,1.8,1.2,1.5,2.1
87,3,3,2.4,1.8,1.2,1.5,2.1,3.9
88,3,2.4,1.8,1.2,1.5,2.1,3.9,2.7
89,2.4,1.8,1.2,1.5,2.1,3.9,2.7,2.7
90,1.8,1.2,1.5,2.1,3.9,2.7,2.7,2.4
91,1.2,1.5,2.1,3.9,2.7,2.7,2.4,2.7
92,1.5,2.1,3.9,2.7,2.7,2.4,2.7,2.4
93,2.1,3.9,2.7,2.7,2.4,2.7,2.4,3
94,3.9,2.7,2.7,2.4,2.7,2.4,3,2.7
95,2.7,2.7,2.4,2.7,2.4,3,2.7,1.2
96,2.7,2.4,2.7,2.4,3,2.7,1.2,3
97,2.4,2.7,2.4,3,2.7,1.2,3,2.1
98,2.7,2.4,3,2.7,1.2,3,2.1,1.5
99,2.4,3,2.7,1.2,3,2.1,1.5,1.5
100,3,2.7,1.2,3,2.1,1.5,1.5,2.1
101,2.7,1.2,3,2.1,1.5,1.5,2.1,2.7
102,1.2,3,2.1,1.5,1.5,2.1,2.7,3.9
103,3,2.1,1.5,1.5,2.1,2.7,3.9,3
104,2.1,1.5,1.5,2.1,2.7,3.9,3,2.7
105,1.5,1.5,2.1,2.7,3.9,3,2.7,1.8
106,1.5,2.1,2.7,3.9,3,2.7,1.8,3.3
107,2.1,2.7,3.9,3,2.7,1.8,3.3,2.1
108,2.7,3.9,3,2.7,1.8,3.3,2.1,1.8
109,3.9,3,2.7,1.8,3.3,2.1,1.8,1.8
110,3,2.7,1.8,3.3,2.1,1.8,1.8,1.8
111,2.7,1.8,3.3,2.1,1.8,1.8,1.8,2.4
112,1.8,3.3,2.1,1.8,1.8,1.8,2.4,1.5
113,3.3,2.1,1.8,1.8,1.8,2.4,1.5,2.7
114,2.1,1.8,1.8,1.8,2.4,1.5,2.7,0.9
115,1.8,1.8,1.8,2.4,1.5,2.7,0.9,1.2
116,1.8,1.8,2.4,1.5,2.7,0.9,1.2,2.1
117,1.8,2.4,1.5,2.7,0.9,1.2,2.1,1.8
118,2.4,1.5,2.7,0.9,1.2,2.1,1.8,3.3
119,1.5,2.7,0.9,1.2,2.1,1.8,3.3,1.5
120,2.7,0.9,1.2,2.1,1.8,3.3,1.5,1.5
121,0.9,1.2,2.1,1.8,3.3,1.5,1.5,2.4
122,1.2,2.1,1.8,3.3,1.5,1.5,2.4,2.1
123,2.1,1.8,3.3,1.5,1.5,2.4,2.1,1.8
124,1.8,3.3,1.5,1.5,2.4,2.1,1.8,2.4
125,3.3,1.5,1.5,2.4,2.1,1.8,2.4,1.5
126,1.5,1.5,2.4,2.1,1.8,2.4,1.5,2.1
127,1.5,2.4,2.1,1.8,2.4,1.5,2.1,2.1
128,2.4,2.1,1.8,2.4,1.5,2.1,2.1,1.2
129,2.1,1.8,2.4,1.5,2.1,2.1,1.2,1.5
130,1.8,2.4,1.5,2.1,2.1,1.2,1.5,0.9
131,2.4,1.5,2.1,2.1,1.2,1.5,0.9,1.2
132,1.5,2.1,2.1,1.2,1.5,0.9,1.2,1.5474
133,2.1,2.1,1.2,1.5,0.9,1.2,1.5474,2.4
134,2.1,1.2,1.5,0.9,1.2,1.5474,2.4,2.4
135,1.2,1.5,0.9,1.2,1.5474,2.4,2.4,1.5
136,1.5,0.9,1.2,1.5474,2.4,2.4,1.5,2.4
137,0.9,1.2,1.5474,2.4,2.4,1.5,2.4,1.2
138,1.2,1.5474,2.4,2.4,1.5,2.4,1.2,1.5
139,1.5474,2.4,2.4,1.5,2.4,1.2,1.5,2.1
140,2.4,2.4,1.5,2.4,1.2,1.5,2.1,1.8
141,2.4,1.5,2.4,1.2,1.5,2.1,1.8,2.4
142,1.5,2.4,1.2,1.5,2.1,1.8,2.4,2.1
143,2.4,1.2,1.5,2.1,1.8,2.4,2.1,3
144,1.2,1.5,2.1,1.8,2.4,2.1,3,1.5
145,1.5,2.1,1.8,2.4,2.1,3,1.5,1.2
146,2.1,1.8,2.4,2.1,3,1.5,1.2,1.5
147,1.8,2.4,2.1,3,1.5,1.2,1.5,2.4
148,2.4,2.1,3,1.5,1.2,1.5,2.4,1.5
149,2.1,3,1.5,1.2,1.5,2.4,1.5,1.8
150,3,1.5,1.2,1.5,2.4,1.5,1.8,3
151,1.5,1.2,1.5,2.4,1.5,1.8,3,2.7
152,1.2,1.5,2.4,1.5,1.8,3,2.7,1.8
153,1.5,2.4,1.5,1.8,3,2.7,1.8,1.5
154,2.4,1.5,1.8,3,2.7,1.8,1.5,1.5
155,1.5,1.8,3,2.7,1.8,1.5,1.5,2.7
156,1.8,3,2.7,1.8,1.5,1.5,2.7,1.8
157,3,2.7,1.8,1.5,1.5,2.7,1.8,2.4
158,2.7,1.8,1.5,1.5,2.7,1.8,2.4,2.7
159,1.8,1.5,1.5,2.7,1.8,2.4,2.7,2.1242
160,1.5,1.5,2.7,1.8,2.4,2.7,2.1242,2.7
161,1.5,2.7,1.8,2.4,2.7,2.1242,2.7,2.1
162,2.7,1.8,2.4,2.7,2.1242,2.7,2.1,1.5
163,1.8,2.4,2.7,2.1242,2.7,2.1,1.5,2.1
164,2.4,2.7,2.1242,2.7,2.1,1.5,2.1,1.2
165,2.7,2.1242,2.7,2.1,1.5,2.1,1.2,1.8
166,2.1242,2.7,2.1,1.5,2.1,1.2,1.8,1.2
167,2.7,2.1,1.5,2.1,1.2,1.8,1.2,2.4
168,2.1,1.5,2.1,1.2,1.8,1.2,2.4,1.5
169,1.5,2.1,1.2,1.8,1.2,2.4,1.5,3
170,2.1,1.2,1.8,1.2,2.4,1.5,3,1.8
171,1.2,1.8,1.2,2.4,1.5,3,1.8,2.7
172,1.8,1.2,2.4,1.5,3,1.8,2.7,3.6
173,1.2,2.4,1.5,3,1.8,2.7,3.6,3.3
174,2.4,1.5,3,1.8,2.7,3.6,3.3,2.4
175,1.5,3,1.8,2.7,3.6,3.3,2.4,1.2
176,3,1.8,2.7,3.6,3.3,2.4,1.2,1.8
177,1.8,2.7,3.6,3.3,2.4,1.2,1.8,2.1
178,2.7,3.6,3.3,2.4,1.2,1.8,2.1,1.5
179,3.6,3.3,2.4,1.2,1.8,2.1,1.5,3
180,3.3,2.4,1.2,1.8,2.1,1.5,3,2.7
181,2.4,1.2,1.8,2.1,1.5,3,2.7,2.1
182,1.2,1.8,2.1,1.5,3,2.7,2.1,2.4
183,1.8,2.1,1.5,3,2.7,2.1,2.4,5.7
184,2.1,1.5,3,2.7,2.1,2.4,5.7,4.5
185,1.5,3,2.7,2.1,2.4,5.7,4.5,5.4
186,3,2.7,2.1,2.4,5.7,4.5,5.4,3.9
187,2.7,2.1,2.4,5.7,4.5,5.4,3.9,3.3
188,2.1,2.4,5.7,4.5,5.4,3.9,3.3,4.2
189,2.4,5.7,4.5,5.4,3.9,3.3,4.2,6.9
190,5.7,4.5,5.4,3.9,3.3,4.2,6.9,7.8
191,4.5,5.4,3.9,3.3,4.2,6.9,7.8,3.9
192,5.4,3.9,3.3,4.2,6.9,7.8,3.9,4.2
193,3.9,3.3,4.2,6.9,7.8,3.9,4.2,3
194,3.3,4.2,6.9,7.8,3.9,4.2,3,3.9
195,4.2,6.9,7.8,3.9,4.2,3,3.9,3.9
196,6.9,7.8,3.9,4.2,3,3.9,3.9,4.8
197,7.8,3.9,4.2,3,3.9,3.9,4.8,4.8
198,3.9,4.2,3,3.9,3.9,4.8,4.8,5.1
199,4.2,3,3.9,3.9,4.8,4.8,5.1,4.5
200,3,3.9,3.9,4.8,4.8,5.1,4.5,3.3
201,3.9,3.9,4.8,4.8,5.1,4.5,3.3,2.7
202,3.9,4.8,4.8,5.1,4.5,3.3,2.7,3.3
203,4.8,4.8,5.1,4.5,3.3,2.7,3.3,2.7
204,4.8,5.1,4.5,3.3,2.7,3.3,2.7,5.1
205,5.1,4.5,3.3,2.7,3.3,2.7,5.1,3
206,4.5,3.3,2.7,3.3,2.7,5.1,3,3.3
207,3.3,2.7,3.3,2.7,5.1,3,3.3,3
208,2.7,3.3,2.7,5.1,3,3.3,3,2.4
209,3.3,2.7,5.1,3,3.3,3,2.4,4.2
210,2.7,5.1,3,3.3,3,2.4,4.2,5.1
211,5.1,3,3.3,3,2.4,4.2,5.1,3.6
212,3,3.3,3,2.4,4.2,5.1,3.6,3.6
213,3.3,3,2.4,4.2,5.1,3.6,3.6,2.7
214,3,2.4,4.2,5.1,3.6,3.6,2.7,2.7
215,2.4,4.2,5.1,3.6,3.6,2.7,2.7,1.8
216,4.2,5.1,3.6,3.6,2.7,2.7,1.8,2.7
217,5.1,3.6,3.6,2.7,2.7,1.8,2.7,3.6
218,3.6,3.6,2.7,2.7,1.8,2.7,3.6,3
219,3.6,2.7,2.7,1.8,2.7,3.6,3,2.1
220,2.7,2.7,1.8,2.7,3.6,3,2.1,2.4
221,2.7,1.8,2.7,3.6,3,2.1,2.4,2.1
222,1.8,2.7,3.6,3,2.1,2.4,2.1,1.5
223,2.7,3.6,3,2.1,2.4,2.1,1.5,3.3
224,3.6,3,2.1,2.4,2.1,1.5,3.3,2.7
225,3,2.1,2.4,2.1,1.5,3.3,2.7,1.2
226,2.1,2.4,2.1,1.5,3.3,2.7,1.2,1.8
227,2.4,2.1,1.5,3.3,2.7,1.2,1.8,3
228,2.1,1.5,3.3,2.7,1.2,1.8,3,2.1
229,1.5,3.3,2.7,1.2,1.8,3,2.1,3.3
230,3.3,2.7,1.2,1.8,3,2.1,3.3,2.7
231,2.7,1.2,1.8,3,2.1,3.3,2.7,2.4
232,1.2,1.8,3,2.1,3.3,2.7,2.4,1.2
233,1.8,3,2.1,3.3,2.7,2.4,1.2,1.8
234,3,2.1,3.3,2.7,2.4,1.2,1.8,3
235,2.1,3.3,2.7,2.4,1.2,1.8,3,1.8
236,3.3,2.7,2.4,1.2,1.8,3,1.8,2.4
237,2.7,2.4,1.2,1.8,3,1.8,2.4,2.1
238,2.4,1.2,1.8,3,1.8,2.4,2.1,3
239,1.2,1.8,3,1.8,2.4,2.1,3,2.7
240,1.8,3,1.8,2.4,2.1,3,2.7,3.3
241,3,1.8,2.4,2.1,3,2.7,3.3,2.4
242,1.8,2.4,2.1,3,2.7,3.3,2.4,2.1
243,2.4,2.1,3,2.7,3.3,2.4,2.1,2.1
244,2.1,3,2.7,3.3,2.4,2.1,2.1,1.8
245,3,2.7,3.3,2.4,2.1,2.1,1.8,2.7
246,2.7,3.3,2.4,2.1,2.1,1.8,2.7,1.8
247,3.3,2.4,2.1,2.1,1.8,2.7,1.8,1.2
248,2.4,2.1,2.1,1.8,2.7,1.8,1.2,2.1
249,2.1,2.1,1.8,2.7,1.8,1.2,2.1,1.5
250,2.1,1.8,2.7,1.8,1.2,2.1,1.5,1.2
251,1.8,2.7,1.8,1.2,2.1,1.5,1.2,0.9
252,2.7,1.8,1.2,2.1,1.5,1.2,0.9,1.5
253,1.8,1.2,2.1,1.5,1.2,0.9,1.5,2.1
254,1.2,2.1,1.5,1.2,0.9,1.5,2.1,0.9
255,2.1,1.5,1.2,0.9,1.5,2.1,0.9,1.2
256,1.5,1.2,0.9,1.5,2.1,0.9,1.2,1.2
257,1.2,0.9,1.5,2.1,0.9,1.2,1.2,1.2
258,0.9,1.5,2.1,0.9,1.2,1.2,1.2,3
259,1.5,2.1,0.9,1.2,1.2,1.2,3,1.5
260,2.1,0.9,1.2,1.2,1.2,3,1.5,1.5
261,0.9,1.2,1.2,1.2,3,1.5,1.5,1.5
262,1.2,1.2,1.2,3,1.5,1.5,1.5,1.5
263,1.2,1.2,3,1.5,1.5,1.5,1.5,1.5
264,1.2,3,1.5,1.5,1.5,1.5,1.5,1.8
265,3,1.5,1.5,1.5,1.5,1.5,1.8,2.1
266,1.5,1.5,1.5,1.5,1.5,1.8,2.1,0.9
267,1.5,1.5,1.5,1.5,1.8,2.1,0.9,0.6
268,1.5,1.5,1.5,1.8,2.1,0.9,0.6,0.9
269,1.5,1.5,1.8,2.1,0.9,0.6,0.9,0.3
270,1.5,1.8,2.1,0.9,0.6,0.9,0.3,0.6
271,1.8,2.1,0.9,0.6,0.9,0.3,0.6,0.6
272,2.1,0.9,0.6,0.9,0.3,0.6,0.6,0.6
273,0.9,0.6,0.9,0.3,0.6,0.6,0.6,0.9
274,0.6,0.9,0.3,0.6,0.6,0.6,0.9,1.2
275,0.9,0.3,0.6,0.6,0.6,0.9,1.2,0.9
276,0.3,0.6,0.6,0.6,0.9,1.2,0.9,0.9
277,0.6,0.6,0.6,0.9,1.2,0.9,0.9,0.6
278,0.6,0.6,0.9,1.2,0.9,0.9,0.6,1.5
279,0.6,0.9,1.2,0.9,0.9,0.6,1.5,1.2
280,0.9,1.2,0.9,0.9,0.6,1.5,1.2,1.2
281,1.2,0.9,0.9,0.6,1.5,1.2,1.2,1.2
282,0.9,0.9,0.6,1.5,1.2,1.2,1.2,1.2
283,0.9,0.6,1.5,1.2,1.2,1.2,1.2,0.9
284,0.6,1.5,1.2,1.2,1.2,1.2,0.9,0.9
285,1.5,1.2,1.2,1.2,1.2,0.9,0.9,1.8
286,1.2,1.2,1.2,1.2,0.9,0.9,1.8,0.9
287,1.2,1.2,1.2,0.9,0.9,1.8,0.9,2.1
288,1.2,1.2,0.9,0.9,1.8,0.9,2.1,1.8
289,1.2,0.9,0.9,1.8,0.9,2.1,1.8,0.9
290,0.9,0.9,1.8,0.9,2.1,1.8,0.9,1.2
291,0.9,1.8,0.9,2.1,1.8,0.9,1.2,1.2
292,1.8,0.9,2.1,1.8,0.9,1.2,1.2,0.9
293,0.9,2.1,1.8,0.9,1.2,1.2,0.9,2.1
294,2.1,1.8,0.9,1.2,1.2,0.9,2.1,0.9
295,1.8,0.9,1.2,1.2,0.9,2.1,0.9,1.2
296,0.9,1.2,1.2,0.9,2.1,0.9,1.2,2.4
297,1.2,1.2,0.9,2.1,0.9,1.2,2.4,1.2
298,1.2,0.9,2.1,0.9,1.2,2.4,1.2,0.9
299,0.9,2.1,0.9,1.2,2.4,1.2,0.9,1.5
300,2.1,0.9,1.2,2.4,1.2,0.9,1.5,2.1
301,0.9,1.2,2.4,1.2,0.9,1.5,2.1,2.1
302,1.2,2.4,1.2,0.9,1.5,2.1,2.1,2.4
303,2.4,1.2,0.9,1.5,2.1,2.1,2.4,1.8
304,1.2,0.9,1.5,2.1,2.1,2.4,1.8,1.5
305,0.9,1.5,2.1,2.1,2.4,1.8,1.5,3
306,1.5,2.1,2.1,2.4,1.8,1.5,3,1.5
307,2.1,2.1,2.4,1.8,1.5,3,1.5,2.1
308,2.1,2.4,1.8,1.5,3,1.5,2.1,2.1
309,2.4,1.8,1.5,3,1.5,2.1,2.1,3.3
310,1.8,1.5,3,1.5,2.1,2.1,3.3,3.3
311,1.5,3,1.5,2.1,2.1,3.3,3.3,3.3
312,3,1.5,2.1,2.1,3.3,3.3,3.3,2.7
313,1.5,2.1,2.1,3.3,3.3,3.3,2.7,3
314,2.1,2.1,3.3,3.3,3.3,2.7,3,2.7
315,2.1,3.3,3.3,3.3,2.7,3,2.7,2.7
316,3.3,3.3,3.3,2.7,3,2.7,2.7,3
317,3.3,3.3,2.7,3,2.7,2.7,3,3.6
318,3.3,2.7,3,2.7,2.7,3,3.6,1.5
319,2.7,3,2.7,2.7,3,3.6,1.5,2.4
320,3,2.7,2.7,3,3.6,1.5,2.4,1.8
321,2.7,2.7,3,3.6,1.5,2.4,1.8,1.5
322,2.7,3,3.6,1.5,2.4,1.8,1.5,3.3
323,3,3.6,1.5,2.4,1.8,1.5,3.3,3.6
324,3.6,1.5,2.4,1.8,1.5,3.3,3.6,3
325,1.5,2.4,1.8,1.5,3.3,3.6,3,1.8
326,2.4,1.8,1.5,3.3,3.6,3,1.8,3
327,1.8,1.5,3.3,3.6,3,1.8,3,2.4
328,1.5,3.3,3.6,3,1.8,3,2.4,4.8
329,3.3,3.6,3,1.8,3,2.4,4.8,5.4
330,3.6,3,1.8,3,2.4,4.8,5.4,6.3
331,3,1.8,3,2.4,4.8,5.4,6.3,4.5
332,1.8,3,2.4,4.8,5.4,6.3,4.5,5.7
333,3,2.4,4.8,5.4,6.3,4.5,5.7,3.9
334,2.4,4.8,5.4,6.3,4.5,5.7,3.9,3
335,4.8,5.4,6.3,4.5,5.7,3.9,3,4.2
336,5.4,6.3,4.5,5.7,3.9,3,4.2,4.5
337,6.3,4.5,5.7,3.9,3,4.2,4.5,3.3
338,4.5,5.7,3.9,3,4.2,4.5,3.3,4.2
339,5.7,3.9,3,4.2,4.5,3.3,4.2,3.9
340,3.9,3,4.2,4.5,3.3,4.2,3.9,3.3
341,3,4.2,4.5,3.3,4.2,3.9,3.3,4.8
342,4.2,4.5,3.3,4.2,3.9,3.3,4.8,4.8
343,4.5,3.3,4.2,3.9,3.3,4.8,4.8,5.1
344,3.3,4.2,3.9,3.3,4.8,4.8,5.1,6.3
345,4.2,3.9,3.3,4.8,4.8,5.1,6.3,3.6
346,3.9,3.3,4.8,4.8,5.1,6.3,3.6,3.3
347,3.3,4.8,4.8,5.1,6.3,3.6,3.3,3.3
348,4.8,4.8,5.1,6.3,3.6,3.3,3.3,3.3
349,4.8,5.1,6.3,3.6,3.3,3.3,3.3,5.1
350,5.1,6.3,3.6,3.3,3.3,3.3,5.1,4.2
351,6.3,3.6,3.3,3.3,3.3,5.1,4.2,4.5
352,3.6,3.3,3.3,3.3,5.1,4.2,4.5,4.2
353,3.3,3.3,3.3,5.1,4.2,4.5,4.2,4.8
354,3.3,3.3,5.1,4.2,4.5,4.2,4.8,3.9
355,3.3,5.1,4.2,4.5,4.2,4.8,3.9,5.1
356,5.1,4.2,4.5,4.2,4.8,3.9,5.1,4.2
357,4.2,4.5,4.2,4.8,3.9,5.1,4.2,5.1
358,4.5,4.2,4.8,3.9,5.1,4.2,5.1,5.4
359,4.2,4.8,3.9,5.1,4.2,5.1,5.4,5.4
360,4.8,3.9,5.1,4.2,5.1,5.4,5.4,5.7
361,3.9,5.1,4.2,5.1,5.4,5.4,5.7,3.6
362,5.1,4.2,5.1,5.4,5.4,5.7,3.6,5.1
363,4.2,5.1,5.4,5.4,5.7,3.6,5.1,3
364,5.1,5.4,5.4,5.7,3.6,5.1,3,6
365,5.4,5.4,5.7,3.6,5.1,3,6,5.1
366,5.4,5.7,3.6,5.1,3,6,5.1,5.1
367,5.7,3.6,5.1,3,6,5.1,5.1,5.1
368,3.6,5.1,3,6,5.1,5.1,5.1,5.1
369,5.1,3,6,5.1,5.1,5.1,5.1,4.8
370,3,6,5.1,5.1,5.1,5.1,4.8,4.8
371,6,5.1,5.1,5.1,5.1,4.8,4.8,6
372,5.1,5.1,5.1,5.1,4.8,4.8,6,6.3
373,5.1,5.1,5.1,4.8,4.8,6,6.3,4.5
374,5.1,5.1,4.8,4.8,6,6.3,4.5,5.7
375,5.1,4.8,4.8,6,6.3,4.5,5.7,4.8
376,4.8,4.8,6,6.3,4.5,5.7,4.8,3.9
377,4.8,6,6.3,4.5,5.7,4.8,3.9,4.8
378,6,6.3,4.5,5.7,4.8,3.9,4.8,5.4
379,6.3,4.5,5.7,4.8,3.9,4.8,5.4,4.2
380,4.5,5.7,4.8,3.9,4.8,5.4,4.2,5.4
381,5.7,4.8,3.9,4.8,5.4,4.2,5.4,5.1
382,4.8,3.9,4.8,5.4,4.2,5.4,5.1,4.5
383,3.9,4.8,5.4,4.2,5.4,5.1,4.5,3.6
384,4.8,5.4,4.2,5.4,5.1,4.5,3.6,6.6
385,5.4,4.2,5.4,5.1,4.5,3.6,6.6,7.2
386,4.2,5.4,5.1,4.5,3.6,6.6,7.2,6.6
387,5.4,5.1,4.5,3.6,6.6,7.2,6.6,7.5
388,5.1,4.5,3.6,6.6,7.2,6.6,7.5,5.1
389,4.5,3.6,6.6,7.2,6.6,7.5,5.1,5.4
390,3.6,6.6,7.2,6.6,7.5,5.1,5.4,4.2
391,6.6,7.2,6.6,7.5,5.1,5.4,4.2,5.4
392,7.2,6.6,7.5,5.1,5.4,4.2,5.4,5.7
393,6.6,7.5,5.1,5.4,4.2,5.4,5.7,6.6
394,7.5,5.1,5.4,4.2,5.4,5.7,6.6,6
395,5.1,5.4,4.2,5.4,5.7,6.6,6,5.7
396,5.4,4.2,5.4,5.7,6.6,6,5.7,5.4
397,4.2,5.4,5.7,6.6,6,5.7,5.4,5.7
398,5.4,5.7,6.6,6,5.7,5.4,5.7,7.5
399,5.7,6.6,6,5.7,5.4,5.7,7.5,6.9
400,6.6,6,5.7,5.4,5.7,7.5,6.9,5.1
401,6,5.7,5.4,5.7,7.5,6.9,5.1,5.7
402,5.7,5.4,5.7,7.5,6.9,5.1,5.7,3.6
403,5.4,5.7,7.5,6.9,5.1,5.7,3.6,2.7
404,5.7,7.5,6.9,5.1,5.7,3.6,2.7,3.6
405,7.5,6.9,5.1,5.7,3.6,2.7,3.6,3
406,6.9,5.1,5.7,3.6,2.7,3.6,3,3.6
407,5.1,5.7,3.6,2.7,3.6,3,3.6,3.3
408,5.7,3.6,2.7,3.6,3,3.6,3.3,3
409,3.6,2.7,3.6,3,3.6,3.3,3,1.8
410,2.7,3.6,3,3.6,3.3,3,1.8,3
411,3.6,3,3.6,3.3,3,1.8,3,3.3
412,3,3.6,3.3,3,1.8,3,3.3,2.4
413,3.6,3.3,3,1.8,3,3.3,2.4,2.4
414,3.3,3,1.8,3,3.3,2.4,2.4,3.9
415,3,1.8,3,3.3,2.4,2.4,3.9,5.1
416,1.8,3,3.3,2.4,2.4,3.9,5.1,5.7
417,3,3.3,2.4,2.4,3.9,5.1,5.7,5.1
418,3.3,2.4,2.4,3.9,5.1,5.7,5.1,3.6
419,2.4,2.4,3.9,5.1,5.7,5.1,3.6,3.3
420,2.4,3.9,5.1,5.7,5.1,3.6,3.3,5.1
421,3.9,5.1,5.7,5.1,3.6,3.3,5.1,3.9
422,5.1,5.7,5.1,3.6,3.3,5.1,3.9,5.4
423,5.7,5.1,3.6,3.3,5.1,3.9,5.4,6.6
424,5.1,3.6,3.3,5.1,3.9,5.4,6.6,5.1
425,3.6,3.3,5.1,3.9,5.4,6.6,5.1,4.2
426,3.3,5.1,3.9,5.4,6.6,5.1,4.2,5.4
427,5.1,3.9,5.4,6.6,5.1,4.2,5.4,5.4
428,3.9,5.4,6.6,5.1,4.2,5.4,5.4,5.4
429,5.4,6.6,5.1,4.2,5.4,5.4,5.4,5.1
430,6.6,5.1,4.2,5.4,5.4,5.4,5.1,4.2
431,5.1,4.2,5.4,5.4,5.4,5.1,4.2,3.3
432,4.2,5.4,5.4,5.4,5.1,4.2,3.3,3
433,5.4,5.4,5.4,5.1,4.2,3.3,3,3.9
434,5.4,5.4,5.1,4.2,3.3,3,3.9,3
435,5.4,5.1,4.2,3.3,3,3.9,3,2.7
436,5.1,4.2,3.3,3,3.9,3,2.7,3.3
437,4.2,3.3,3,3.9,3,2.7,3.3,4.8
438,3.3,3,3.9,3,2.7,3.3,4.8,2.4
439,3,3.9,3,2.7,3.3,4.8,2.4,2.7
440,3.9,3,2.7,3.3,4.8,2.4,2.7,4.2
441,3,2.7,3.3,4.8,2.4,2.7,4.2,5.1
442,2.7,3.3,4.8,2.4,2.7,4.2,5.1,4.5
443,3.3,4.8,2.4,2.7,4.2,5.1,4.5,3
444,4.8,2.4,2.7,4.2,5.1,4.5,3,3.6
445,2.4,2.7,4.2,5.1,4.5,3,3.6,2.4
446,2.7,4.2,5.1,4.5,3,3.6,2.4,1.2
447,4.2,5.1,4.5,3,3.6,2.4,1.2,3
448,5.1,4.5,3,3.6,2.4,1.2,3,1.2
449,4.5,3,3.6,2.4,1.2,3,1.2,1.5
450,3,3.6,2.4,1.2,3,1.2,1.5,1.5
451,3.6,2.4,1.2,3,1.2,1.5,1.5,1.8
452,2.4,1.2,3,1.2,1.5,1.5,1.8,2.4
453,1.2,3,1.2,1.5,1.5,1.8,2.4,3.3
454,3,1.2,1.5,1.5,1.8,2.4,3.3,4.5
455,1.2,1.5,1.5,1.8,2.4,3.3,4.5,5.4
456,1.5,1.5,1.8,2.4,3.3,4.5,5.4,4.8
457,1.5,1.8,2.4,3.3,4.5,5.4,4.8,5.1
458,1.8,2.4,3.3,4.5,5.4,4.8,5.1,3.6
459,2.4,3.3,4.5,5.4,4.8,5.1,3.6,2.7
460,3.3,4.5,5.4,4.8,5.1,3.6,2.7,2.7
461,4.5,5.4,4.8,5.1,3.6,2.7,2.7,4.5
462,5.4,4.8,5.1,3.6,2.7,2.7,4.5,4.5
463,4.8,5.1,3.6,2.7,2.7,4.5,4.5,2.7
464,5.1,3.6,2.7,2.7,4.5,4.5,2.7,1.5
465,3.6,2.7,2.7,4.5,4.5,2.7,1.5,1.2
466,2.7,2.7,4.5,4.5,2.7,1.5,1.2,1.8
467,2.7,4.5,4.5,2.7,1.5,1.2,1.8,1.8
468,4.5,4.5,2.7,1.5,1.2,1.8,1.8,3.3
469,4.5,2.7,1.5,1.2,1.8,1.8,3.3,3.9
470,2.7,1.5,1.2,1.8,1.8,3.3,3.9,2.7
471,1.5,1.2,1.8,1.8,3.3,3.9,2.7,2.4
472,1.2,1.8,1.8,3.3,3.9,2.7,2.4,2.4
473,1.8,1.8,3.3,3.9,2.7,2.4,2.4,1.8
474,1.8,3.3,3.9,2.7,2.4,2.4,1.8,1.2
475,3.3,3.9,2.7,2.4,2.4,1.8,1.2,1.2
476,3.9,2.7,2.4,2.4,1.8,1.2,1.2,1.2
477,2.7,2.4,2.4,1.8,1.2,1.2,1.2,1.8
478,2.4,2.4,1.8,1.2,1.2,1.2,1.8,2.1
479,2.4,1.8,1.2,1.2,1.2,1.8,2.1,0.9
480,1.8,1.2,1.2,1.2,1.8,2.1,0.9,1.8
481,1.2,1.2,1.2,1.8,2.1,0.9,1.8,0.9
482,1.2,1.2,1.8,2.1,0.9,1.8,0.9,1.2
483,1.2,1.8,2.1,0.9,1.8,0.9,1.2,1.2
484,1.8,2.1,0.9,1.8,0.9,1.2,1.2,1.2
485,2.1,0.9,1.8,0.9,1.2,1.2,1.2,0.9
486,0.9,1.8,0.9,1.2,1.2,1.2,0.9,1.8
487,1.8,0.9,1.2,1.2,1.2,0.9,1.8,2.1
488,0.9,1.2,1.2,1.2,0.9,1.8,2.1,2.1
489,1.2,1.2,1.2,0.9,1.8,2.1,2.1,1.8
490,1.2,1.2,0.9,1.8,2.1,2.1,1.8,2.1
491,1.2,0.9,1.8,2.1,2.1,1.8,2.1,2.1
492,0.9,1.8,2.1,2.1,1.8,2.1,2.1,1.2
493,1.8,2.1,2.1,1.8,2.1,2.1,1.2,1.2
494,2.1,2.1,1.8,2.1,2.1,1.2,1.2,0.9
495,2.1,1.8,2.1,2.1,1.2,1.2,0.9,0.9
496,1.8,2.1,2.1,1.2,1.2,0.9,0.9,1.8
497,2.1,2.1,1.2,1.2,0.9,0.9,1.8,1.2
498,2.1,1.2,1.2,0.9,0.9,1.8,1.2,1.2
499,1.2,1.2,0.9,0.9,1.8,1.2,1.2,0.9
500,1.2,0.9,0.9,1.8,1.2,1.2,0.9,1.2
501,0.9,0.9,1.8,1.2,1.2,0.9,1.2,1.2
502,0.9,1.8,1.2,1.2,0.9,1.2,1.2,1.8
503,1.8,1.2,1.2,0.9,1.2,1.2,1.8,2.1
504,1.2,1.2,0.9,1.2,1.2,1.8,2.1,2.1
505,1.2,0.9,1.2,1.2,1.8,2.1,2.1,1.2
506,0.9,1.2,1.2,1.8,2.1,2.1,1.2,0.9
507,1.2,1.2,1.8,2.1,2.1,1.2,0.9,2.4
508,1.2,1.8,2.1,2.1,1.2,0.9,2.4,0.9
509,1.8,2.1,2.1,1.2,0.9,2.4,0.9,0.6
510,2.1,2.1,1.2,0.9,2.4,0.9,0.6,1.2
511,2.1,1.2,0.9,2.4,0.9,0.6,1.2,2.1
512,1.2,0.9,2.4,0.9,0.6,1.2,2.1,1.2
513,0.9,2.4,0.9,0.6,1.2,2.1,1.2,1.2
514,2.4,0.9,0.6,1.2,2.1,1.2,1.2,0.9
515,0.9,0.6,1.2,2.1,1.2,1.2,0.9,1.2
516,0.6,1.2,2.1,1.2,1.2,0.9,1.2,2.4
517,1.2,2.1,1.2,1.2,0.9,1.2,2.4,1.2
518,2.1,1.2,1.2,0.9,1.2,2.4,1.2,1.5
519,1.2,1.2,0.9,1.2,2.4,1.2,1.5,2.1
520,1.2,0.9,1.2,2.4,1.2,1.5,2.1,2.7
521,0.9,1.2,2.4,1.2,1.5,2.1,2.7,2.1
522,1.2,2.4,1.2,1.5,2.1,2.7,2.1,1.8
523,2.4,1.2,1.5,2.1,2.7,2.1,1.8,1.8
524,1.2,1.5,2.1,2.7,2.1,1.8,1.8,1.5
525,1.5,2.1,2.7,2.1,1.8,1.8,1.5,2.7
526,2.1,2.7,2.1,1.8,1.8,1.5,2.7,1.5
527,2.7,2.1,1.8,1.8,1.5,2.7,1.5,0.9
528,2.1,1.8,1.8,1.5,2.7,1.5,0.9,1.5
529,1.8,1.8,1.5,2.7,1.5,0.9,1.5,1.5
530,1.8,1.5,2.7,1.5,0.9,1.5,1.5,2.4
531,1.5,2.7,1.5,0.9,1.5,1.5,2.4,1.8
532,2.7,1.5,0.9,1.5,1.5,2.4,1.8,2.1
533,1.5,0.9,1.5,1.5,2.4,1.8,2.1,2.7
534,0.9,1.5,1.5,2.4,1.8,2.1,2.7,4.2
535,1.5,1.5,2.4,1.8,2.1,2.7,4.2,2.1
536,1.5,2.4,1.8,2.1,2.7,4.2,2.1,1.2
537,2.4,1.8,2.1,2.7,4.2,2.1,1.2,2.1
538,1.8,2.1,2.7,4.2,2.1,1.2,2.1,2.1
539,2.1,2.7,4.2,2.1,1.2,2.1,2.1,2.7
540,2.7,4.2,2.1,1.2,2.1,2.1,2.7,2.1
541,4.2,2.1,1.2,2.1,2.1,2.7,2.1,2.1
542,2.1,1.2,2.1,2.1,2.7,2.1,2.1,2.1
543,1.2,2.1,2.1,2.7,2.1,2.1,2.1,1.8
544,2.1,2.1,2.7,2.1,2.1,2.1,1.8,1.2
545,2.1,2.7,2.1,2.1,2.1,1.8,1.2,1.2
546,2.7,2.1,2.1,2.1,1.8,1.2,1.2,1.2
547,2.1,2.1,2.1,1.8,1.2,1.2,1.2,1.5
548,2.1,2.1,1.8,1.2,1.2,1.2,1.5,2.4
549,2.1,1.8,1.2,1.2,1.2,1.5,2.4,2.1
550,1.8,1.2,1.2,1.2,1.5,2.4,2.1,1.5
551,1.2,1.2,1.2,1.5,2.4,2.1,1.5,2.1
552,1.2,1.2,1.5,2.4,2.1,1.5,2.1,2.7
553,1.2,1.5,2.4,2.1,1.5,2.1,2.7,3
554,1.5,2.4,2.1,1.5,2.1,2.7,3,2.7
555,2.4,2.1,1.5,2.1,2.7,3,2.7,2.7
556,2.1,1.5,2.1,2.7,3,2.7,2.7,2.7
557,1.5,2.1,2.7,3,2.7,2.7,2.7,2.1
558,2.1,2.7,3,2.7,2.7,2.7,2.1,1.8
559,2.7,3,2.7,2.7,2.7,2.1,1.8,2.7
560,3,2.7,2.7,2.7,2.1,1.8,2.7,2.1
561,2.7,2.7,2.7,2.1,1.8,2.7,2.1,2.7
562,2.7,2.7,2.1,1.8,2.7,2.1,2.7,2.7
563,2.7,2.1,1.8,2.7,2.1,2.7,2.7,2.7
564,2.1,1.8,2.7,2.1,2.7,2.7,2.7,4.8
565,1.8,2.7,2.1,2.7,2.7,2.7,4.8,2.7
566,2.7,2.1,2.7,2.7,2.7,4.8,2.7,4.8
567,2.1,2.7,2.7,2.7,4.8,2.7,4.8,3
568,2.7,2.7,2.7,4.8,2.7,4.8,3,4.8
569,2.7,2.7,4.8,2.7,4.8,3,4.8,3.6
570,2.7,4.8,2.7,4.8,3,4.8,3.6,3.9
571,4.8,2.7,4.8,3,4.8,3.6,3.9,3.6
572,2.7,4.8,3,4.8,3.6,3.9,3.6,3.6
573,4.8,3,4.8,3.6,3.9,3.6,3.6,4.5
574,3,4.8,3.6,3.9,3.6,3.6,4.5,4.8
575,4.8,3.6,3.9,3.6,3.6,4.5,4.8,4.5
576,3.6,3.9,3.6,3.6,4.5,4.8,4.5,3.9
577,3.9,3.6,3.6,4.5,4.8,4.5,3.9,3.6
578,3.6,3.6,4.5,4.8,4.5,3.9,3.6,3
579,3.6,4.5,4.8,4.5,3.9,3.6,3,3
580,4.5,4.8,4.5,3.9,3.6,3,3,3.6
581,4.8,4.5,3.9,3.6,3,3,3.6,2.7
582,4.5,3.9,3.6,3,3,3.6,2.7,2.4
583,3.9,3.6,3,3,3.6,2.7,2.4,3
584,3.6,3,3,3.6,2.7,2.4,3,3
585,3,3,3.6,2.7,2.4,3,3,2.1
586,3,3.6,2.7,2.4,3,3,2.1,2.1
587,3.6,2.7,2.4,3,3,2.1,2.1,3.3
588,2.7,2.4,3,3,2.1,2.1,3.3,4.2
589,2.4,3,3,2.1,2.1,3.3,4.2,3
590,3,3,2.1,2.1,3.3,4.2,3,2.7
591,3,2.1,2.1,3.3,4.2,3,2.7,2.4
592,2.1,2.1,3.3,4.2,3,2.7,2.4,2.4
593,2.1,3.3,4.2,3,2.7,2.4,2.4,3
594,3.3,4.2,3,2.7,2.4,2.4,3,1.5
595,4.2,3,2.7,2.4,2.4,3,1.5,2.7
596,3,2.7,2.4,2.4,3,1.5,2.7,2.4
597,2.7,2.4,2.4,3,1.5,2.7,2.4,2.4
598,2.4,2.4,3,1.5,2.7,2.4,2.4,2.7
599,2.4,3,1.5,2.7,2.4,2.4,2.7,1.5
600,3,1.5,2.7,2.4,2.4,2.7,1.5,1.5
601,1.5,2.7,2.4,2.4,2.7,1.5,1.5,1.8
602,2.7,2.4,2.4,2.7,1.5,1.5,1.8,3.6
603,2.4,2.4,2.7,1.5,1.5,1.8,3.6,1.8
604,2.4,2.7,1.5,1.5,1.8,3.6,1.8,2.4
605,2.7,1.5,1.5,1.8,3.6,1.8,2.4,2.4
606,1.5,1.5,1.8,3.6,1.8,2.4,2.4,2.4
607,1.5,1.8,3.6,1.8,2.4,2.4,2.4,2.1
608,1.8,3.6,1.8,2.4,2.4,2.4,2.1,2.4
609,3.6,1.8,2.4,2.4,2.4,2.1,2.4,2.1
610,1.8,2.4,2.4,2.4,2.1,2.4,2.1,1.8
611,2.4,2.4,2.4,2.1,2.4,2.1,1.8,1.8
612,2.4,2.4,2.1,2.4,2.1,1.8,1.8,1.8
613,2.4,2.1,2.4,2.1,1.8,1.8,1.8,1.2
614,2.1,2.4,2.1,1.8,1.8,1.8,1.2,0.9
615,2.4,2.1,1.8,1.8,1.8,1.2,0.9,1.8
616,2.1,1.8,1.8,1.8,1.2,0.9,1.8,1.2
617,1.8,1.8,1.8,1.2,0.9,1.8,1.2,1.5
618,1.8,1.8,1.2,0.9,1.8,1.2,1.5,1.2
619,1.8,1.2,0.9,1.8,1.2,1.5,1.2,1.2
620,1.2,0.9,1.8,1.2,1.5,1.2,1.2,1.2
621,0.9,1.8,1.2,1.5,1.2,1.2,1.2,1.5
622,1.8,1.2,1.5,1.2,1.2,1.2,1.5,1.8
623,1.2,1.5,1.2,1.2,1.2,1.5,1.8,1.8
624,1.5,1.2,1.2,1.2,1.5,1.8,1.8,1.8
625,1.2,1.2,1.2,1.5,1.8,1.8,1.8,1.8
626,1.2,1.2,1.5,1.8,1.8,1.8,1.8,1.5
627,1.2,1.5,1.8,1.8,1.8,1.8,1.5,1.2
628,1.5,1.8,1.8,1.8,1.8,1.5,1.2,2.7
629,1.8,1.8,1.8,1.8,1.5,1.2,2.7,1.8
630,1.8,1.8,1.8,1.5,1.2,2.7,1.8,1.8
631,1.8,1.8,1.5,1.2,2.7,1.8,1.8,2.1
632,1.8,1.5,1.2,2.7,1.8,1.8,2.1,1.5
633,1.5,1.2,2.7,1.8,1.8,2.1,1.5,1.2
634,1.2,2.7,1.8,1.8,2.1,1.5,1.2,1.2
635,2.7,1.8,1.8,2.1,1.5,1.2,1.2,1.2
636,1.8,1.8,2.1,1.5,1.2,1.2,1.2,1.2
637,1.8,2.1,1.5,1.2,1.2,1.2,1.2,1.5
638,2.1,1.5,1.2,1.2,1.2,1.2,1.5,0.9
639,1.5,1.2,1.2,1.2,1.2,1.5,0.9,1.2
640,1.2,1.2,1.2,1.2,1.5,0.9,1.2,2.1
641,1.2,1.2,1.2,1.5,0.9,1.2,2.1,0.6
642,1.2,1.2,1.5,0.9,1.2,2.1,0.6,1.2
643,1.2,1.5,0.9,1.2,2.1,0.6,1.2,2.7
644,1.5,0.9,1.2,2.1,0.6,1.2,2.7,1.5
645,0.9,1.2,2.1,0.6,1.2,2.7,1.5,1.5
646,1.2,2.1,0.6,1.2,2.7,1.5,1.5,1.2
647,2.1,0.6,1.2,2.7,1.5,1.5,1.2,1.2
648,0.6,1.2,2.7,1.5,1.5,1.2,1.2,0.6
649,1.2,2.7,1.5,1.5,1.2,1.2,0.6,0.6
650,2.7,1.5,1.5,1.2,1.2,0.6,0.6,1.2
651,1.5,1.5,1.2,1.2,0.6,0.6,1.2,0.9
652,1.5,1.2,1.2,0.6,0.6,1.2,0.9,1.8
653,1.2,1.2,0.6,0.6,1.2,0.9,1.8,1.2
654,1.2,0.6,0.6,1.2,0.9,1.8,1.2,1.2
655,0.6,0.6,1.2,0.9,1.8,1.2,1.2,0.6
656,0.6,1.2,0.9,1.8,1.2,1.2,0.6,0.9
657,1.2,0.9,1.8,1.2,1.2,0.6,0.9,0.9
658,0.9,1.8,1.2,1.2,0.6,0.9,0.9,0.9
659,1.8,1.2,1.2,0.6,0.9,0.9,0.9,1.2
660,1.2,1.2,0.6,0.9,0.9,0.9,1.2,3
661,1.2,0.6,0.9,0.9,0.9,1.2,3,1.5
662,0.6,0.9,0.9,0.9,1.2,3,1.5,1.8
663,0.9,0.9,0.9,1.2,3,1.5,1.8,2.7
664,0.9,0.9,1.2,3,1.5,1.8,2.7,2.7
665,0.9,1.2,3,1.5,1.8,2.7,2.7,2.7
666,1.2,3,1.5,1.8,2.7,2.7,2.7,1.5
667,3,1.5,1.8,2.7,2.7,2.7,1.5,1.8
668,1.5,1.8,2.7,2.7,2.7,1.5,1.8,2.7
669,1.8,2.7,2.7,2.7,1.5,1.8,2.7,1.2
670,2.7,2.7,2.7,1.5,1.8,2.7,1.2,3
671,2.7,2.7,1.5,1.8,2.7,1.2,3,4.2
672,2.7,1.5,1.8,2.7,1.2,3,4.2,2.7
673,1.5,1.8,2.7,1.2,3,4.2,2.7,1.8
674,1.8,2.7,1.2,3,4.2,2.7,1.8,1.2
675,2.7,1.2,3,4.2,2.7,1.8,1.2,1.8
676,1.2,3,4.2,2.7,1.8,1.2,1.8,2.7
677,3,4.2,2.7,1.8,1.2,1.8,2.7,1.5
678,4.2,2.7,1.8,1.2,1.8,2.7,1.5,3
679,2.7,1.8,1.2,1.8,2.7,1.5,3,3.3
680,1.8,1.2,1.8,2.7,1.5,3,3.3,2.1
681,1.2,1.8,2.7,1.5,3,3.3,2.1,2.4
682,1.8,2.7,1.5,3,3.3,2.1,2.4,3.3
683,2.7,1.5,3,3.3,2.1,2.4,3.3,0.9
684,1.5,3,3.3,2.1,2.4,3.3,0.9,0.9
685,3,3.3,2.1,2.4,3.3,0.9,0.9,2.1
686,3.3,2.1,2.4,3.3,0.9,0.9,2.1,3.6
687,2.1,2.4,3.3,0.9,0.9,2.1,3.6,4.2
688,2.4,3.3,0.9,0.9,2.1,3.6,4.2,5.7
689,3.3,0.9,0.9,2.1,3.6,4.2,5.7,4.8
690,0.9,0.9,2.1,3.6,4.2,5.7,4.8,3
691,0.9,2.1,3.6,4.2,5.7,4.8,3,3.9
692,2.1,3.6,4.2,5.7,4.8,3,3.9,3
693,3.6,4.2,5.7,4.8,3,3.9,3,2.7
694,4.2,5.7,4.8,3,3.9,3,2.7,3.6
695,5.7,4.8,3,3.9,3,2.7,3.6,4.8
696,4.8,3,3.9,3,2.7,3.6,4.8,4.8
697,3,3.9,3,2.7,3.6,4.8,4.8,6.3
698,3.9,3,2.7,3.6,4.8,4.8,6.3,4.8
699,3,2.7,3.6,4.8,4.8,6.3,4.8,6
700,2.7,3.6,4.8,4.8,6.3,4.8,6,4.2
701,3.6,4.8,4.8,6.3,4.8,6,4.2,3.6
702,4.8,4.8,6.3,4.8,6,4.2,3.6,2.4
703,4.8,6.3,4.8,6,4.2,3.6,2.4,4.2
704,6.3,4.8,6,4.2,3.6,2.4,4.2,3.9
705,4.8,6,4.2,3.6,2.4,4.2,3.9,4.5
706,6,4.2,3.6,2.4,4.2,3.9,4.5,5.4
707,4.2,3.6,2.4,4.2,3.9,4.5,5.4,6.3
708,3.6,2.4,4.2,3.9,4.5,5.4,6.3,7.5
709,2.4,4.2,3.9,4.5,5.4,6.3,7.5,7.5
710,4.2,3.9,4.5,5.4,6.3,7.5,7.5,7.2
711,3.9,4.5,5.4,6.3,7.5,7.5,7.2,4.2
712,4.5,5.4,6.3,7.5,7.5,7.2,4.2,3.9
713,5.4,6.3,7.5,7.5,7.2,4.2,3.9,4.8
714,6.3,7.5,7.5,7.2,4.2,3.9,4.8,3.9
715,7.5,7.5,7.2,4.2,3.9,4.8,3.9,5.7
716,7.5,7.2,4.2,3.9,4.8,3.9,5.7,4.5
717,7.2,4.2,3.9,4.8,3.9,5.7,4.5,5.4
718,4.2,3.9,4.8,3.9,5.7,4.5,5.4,5.1
719,3.9,4.8,3.9,5.7,4.5,5.4,5.1,6.3
720,4.8,3.9,5.7,4.5,5.4,5.1,6.3,6.9
721,3.9,5.7,4.5,5.4,5.1,6.3,6.9,7.5
722,5.7,4.5,5.4,5.1,6.3,6.9,7.5,7.5
723,4.5,5.4,5.1,6.3,6.9,7.5,7.5,5.7
724,5.4,5.1,6.3,6.9,7.5,7.5,5.7,5.7
725,5.1,6.3,6.9,7.5,7.5,5.7,5.7,5.4
726,6.3,6.9,7.5,7.5,5.7,5.7,5.4,4.2
727,6.9,7.5,7.5,5.7,5.7,5.4,4.2,3.6
728,7.5,7.5,5.7,5.7,5.4,4.2,3.6,5.1
729,7.5,5.7,5.7,5.4,4.2,3.6,5.1,6.9
730,5.7,5.7,5.4,4.2,3.6,5.1,6.9,6.3
731,5.7,5.4,4.2,3.6,5.1,6.9,6.3,8.1
732,5.4,4.2,3.6,5.1,6.9,6.3,8.1,5.1
733,4.2,3.6,5.1,6.9,6.3,8.1,5.1,4.5
734,3.6,5.1,6.9,6.3,8.1,5.1,4.5,6.9
735,5.1,6.9,6.3,8.1,5.1,4.5,6.9,8.4
736,6.9,6.3,8.1,5.1,4.5,6.9,8.4,6.9
737,6.3,8.1,5.1,4.5,6.9,8.4,6.9,6.3
738,8.1,5.1,4.5,6.9,8.4,6.9,6.3,6.3
739,5.1,4.5,6.9,8.4,6.9,6.3,6.3,6.6
740,4.5,6.9,8.4,6.9,6.3,6.3,6.6,8.7
741,6.9,8.4,6.9,6.3,6.3,6.6,8.7,10.2
742,8.4,6.9,6.3,6.3,6.6,8.7,10.2,7.5
743,6.9,6.3,6.3,6.6,8.7,10.2,7.5,8.4
744,6.3,6.3,6.6,8.7,10.2,7.5,8.4,7.2
745,6.3,6.6,8.7,10.2,7.5,8.4,7.2,9.6
746,6.6,8.7,10.2,7.5,8.4,7.2,9.6,9
747,8.7,10.2,7.5,8.4,7.2,9.6,9,7.8
748,10.2,7.5,8.4,7.2,9.6,9,7.8,7.5
749,7.5,8.4,7.2,9.6,9,7.8,7.5,7.2
750,8.4,7.2,9.6,9,7.8,7.5,7.2,7.2
751,7.2,9.6,9,7.8,7.5,7.2,7.2,6
752,9.6,9,7.8,7.5,7.2,7.2,6,7.8
753,9,7.8,7.5,7.2,7.2,6,7.8,9
754,7.8,7.5,7.2,7.2,6,7.8,9,7.5
755,7.5,7.2,7.2,6,7.8,9,7.5,9.3
756,7.2,7.2,6,7.8,9,7.5,9.3,8.4
757,7.2,6,7.8,9,7.5,9.3,8.4,7.8
758,6,7.8,9,7.5,9.3,8.4,7.8,6
759,7.8,9,7.5,9.3,8.4,7.8,6,4.2
760,9,7.5,9.3,8.4,7.8,6,4.2,4.5
761,7.5,9.3,8.4,7.8,6,4.2,4.5,4.8
762,9.3,8.4,7.8,6,4.2,4.5,4.8,3.9
763,8.4,7.8,6,4.2,4.5,4.8,3.9,3.6
764,7.8,6,4.2,4.5,4.8,3.9,3.6,1.8
765,6,4.2,4.5,4.8,3.9,3.6,1.8,1.8
766,4.2,4.5,4.8,3.9,3.6,1.8,1.8,2.4
767,4.5,4.8,3.9,3.6,1.8,1.8,2.4,2.7
768,4.8,3.9,3.6,1.8,1.8,2.4,2.7,5.7
769,3.9,3.6,1.8,1.8,2.4,2.7,5.7,6.3
770,3.6,1.8,1.8,2.4,2.7,5.7,6.3,6.3
771,1.8,1.8,2.4,2.7,5.7,6.3,6.3,5.7
772,1.8,2.4,2.7,5.7,6.3,6.3,5.7,5.7
773,2.4,2.7,5.7,6.3,6.3,5.7,5.7,7.2
774,2.7,5.7,6.3,6.3,5.7,5.7,7.2,7.2
775,5.7,6.3,6.3,5.7,5.7,7.2,7.2,4.8
776,6.3,6.3,5.7,5.7,7.2,7.2,4.8,6.9
777,6.3,5.7,5.7,7.2,7.2,4.8,6.9,6.9
778,5.7,5.7,7.2,7.2,4.8,6.9,6.9,7.2
779,5.7,7.2,7.2,4.8,6.9,6.9,7.2,7.8
780,7.2,7.2,4.8,6.9,6.9,7.2,7.8,6.9
781,7.2,4.8,6.9,6.9,7.2,7.8,6.9,5.1
782,4.8,6.9,6.9,7.2,7.8,6.9,5.1,3.9
783,6.9,6.9,7.2,7.8,6.9,5.1,3.9,6.3
784,6.9,7.2,7.8,6.9,5.1,3.9,6.3,7.2
785,7.2,7.8,6.9,5.1,3.9,6.3,7.2,5.7
786,7.8,6.9,5.1,3.9,6.3,7.2,5.7,3.3
787,6.9,5.1,3.9,6.3,7.2,5.7,3.3,2.1
788,5.1,3.9,6.3,7.2,5.7,3.3,2.1,3
789,3.9,6.3,7.2,5.7,3.3,2.1,3,4.2
790,6.3,7.2,5.7,3.3,2.1,3,4.2,3.9
791,7.2,5.7,3.3,2.1,3,4.2,3.9,6
792,5.7,3.3,2.1,3,4.2,3.9,6,8.7
793,3.3,2.1,3,4.2,3.9,6,8.7,8.4
794,2.1,3,4.2,3.9,6,8.7,8.4,7.8
795,3,4.2,3.9,6,8.7,8.4,7.8,5.7
796,4.2,3.9,6,8.7,8.4,7.8,5.7,6.9
797,3.9,6,8.7,8.4,7.8,5.7,6.9,7.5
798,6,8.7,8.4,7.8,5.7,6.9,7.5,7.8
799,8.7,8.4,7.8,5.7,6.9,7.5,7.8,3.6
800,8.4,7.8,5.7,6.9,7.5,7.8,3.6,2.7
801,7.8,5.7,6.9,7.5,7.8,3.6,2.7,3.9
802,5.7,6.9,7.5,7.8,3.6,2.7,3.9,2.7
803,6.9,7.5,7.8,3.6,2.7,3.9,2.7,3.9
804,7.5,7.8,3.6,2.7,3.9,2.7,3.9,3
805,7.8,3.6,2.7,3.9,2.7,3.9,3,3.3
806,3.6,2.7,3.9,2.7,3.9,3,3.3,6
807,2.7,3.9,2.7,3.9,3,3.3,6,6.3
808,3.9,2.7,3.9,3,3.3,6,6.3,5.7
809,2.7,3.9,3,3.3,6,6.3,5.7,4.5
810,3.9,3,3.3,6,6.3,5.7,4.5,2.7
811,3,3.3,6,6.3,5.7,4.5,2.7,2.7
812,3.3,6,6.3,5.7,4.5,2.7,2.7,2.7
813,6,6.3,5.7,4.5,2.7,2.7,2.7,2.7
814,6.3,5.7,4.5,2.7,2.7,2.7,2.7,3
815,5.7,4.5,2.7,2.7,2.7,2.7,3,2.4
816,4.5,2.7,2.7,2.7,2.7,3,2.4,1.8
817,2.7,2.7,2.7,2.7,3,2.4,1.8,3
818,2.7,2.7,2.7,3,2.4,1.8,3,4.2
819,2.7,2.7,3,2.4,1.8,3,4.2,3.3
820,2.7,3,2.4,1.8,3,4.2,3.3,2.1
821,3,2.4,1.8,3,4.2,3.3,2.1,1.5
822,2.4,1.8,3,4.2,3.3,2.1,1.5,1.8
823,1.8,3,4.2,3.3,2.1,1.5,1.8,1.2
824,3,4.2,3.3,2.1,1.5,1.8,1.2,3
825,4.2,3.3,2.1,1.5,1.8,1.2,3,3.6
826,3.3,2.1,1.5,1.8,1.2,3,3.6,3.9
827,2.1,1.5,1.8,1.2,3,3.6,3.9,2.4
828,1.5,1.8,1.2,3,3.6,3.9,2.4,2.7
829,1.8,1.2,3,3.6,3.9,2.4,2.7,2.4
830,1.2,3,3.6,3.9,2.4,2.7,2.4,2.7
831,3,3.6,3.9,2.4,2.7,2.4,2.7,1.8
832,3.6,3.9,2.4,2.7,2.4,2.7,1.8,1.5
833,3.9,2.4,2.7,2.4,2.7,1.8,1.5,2.1
834,2.4,2.7,2.4,2.7,1.8,1.5,2.1,1.2
835,2.7,2.4,2.7,1.8,1.5,2.1,1.2,1.5
836,2.4,2.7,1.8,1.5,2.1,1.2,1.5,1.2
837,2.7,1.8,1.5,2.1,1.2,1.5,1.2,1.8
838,1.8,1.5,2.1,1.2,1.5,1.2,1.8,2.4
839,1.5,2.1,1.2,1.5,1.2,1.8,2.4,1.8
840,2.1,1.2,1.5,1.2,1.8,2.4,1.8,2.1
841,1.2,1.5,1.2,1.8,2.4,1.8,2.1,2.4
842,1.5,1.2,1.8,2.4,1.8,2.1,2.4,2.4
843,1.2,1.8,2.4,1.8,2.1,2.4,2.4,2.4
